{"cameraMode":{"drawMode":0,"name":"Shaded","section":"Shading Mode"},"sceneLighting":true,"audioPlay":false,"sceneViewState":{"showFog":true,"showMaterialUpdate":true,"showSkybox":true,"showFlares":true,"showImageEffects":true,"showParticleSystems":true},"in2DMode":false,"pivot":{"x":10.608838081359864,"y":5.4438676834106449,"z":5.317785739898682},"rotation":{"x":0.08420845121145249,"y":-0.005983172450214624,"z":0.0005054629873484373,"w":0.9964309930801392},"size":10.47431468963623,"orthographic":false}