{"cameraMode":{"drawMode":0,"name":"Shaded","section":"Shading Mode"},"sceneLighting":false,"audioPlay":false,"sceneViewState":{"showFog":true,"showMaterialUpdate":true,"showSkybox":false,"showFlares":true,"showImageEffects":true,"showParticleSystems":true},"in2DMode":false,"pivot":{"x":0.0,"y":1.899993896484375,"z":-0.04500000178813934},"rotation":{"x":0.03254108503460884,"y":-0.8989759087562561,"z":0.06783978641033173,"w":0.4315935969352722},"size":5.483640193939209,"orthographic":false}