{"cameraMode":{"drawMode":0,"name":"Shaded","section":"Shading Mode"},"sceneLighting":true,"audioPlay":false,"sceneViewState":{"showFog":true,"showMaterialUpdate":true,"showSkybox":true,"showFlares":true,"showImageEffects":true,"showParticleSystems":true},"in2DMode":false,"pivot":{"x":9.312662124633789,"y":-0.38204026222229006,"z":16.96702003479004},"rotation":{"x":0.1900886595249176,"y":-0.15798459947109223,"z":0.03104051575064659,"w":0.9685229063034058},"size":7.902196884155273,"orthographic":false}