{"cameraMode":{"drawMode":0,"name":"Shaded","section":"Shading Mode"},"sceneLighting":true,"audioPlay":false,"sceneViewState":{"showFog":true,"showMaterialUpdate":true,"showSkybox":true,"showFlares":true,"showImageEffects":true,"showParticleSystems":true},"in2DMode":false,"pivot":{"x":13.191388130187989,"y":0.05060017108917236,"z":10.908293724060059},"rotation":{"x":0.14711488783359528,"y":0.3467966616153717,"z":-0.05530201643705368,"w":0.9247593283653259},"size":11.785201072692871,"orthographic":false}